Cod Oficina ,N° Clientes ofc,Fecha,Tiempo espera promedio del cliente
23,65,01/11/2018,00:30
23,65,02/11/2018,00:15
23,60,06/11/2018,00:07
23,55,07/11/2018,00:03
23,55,08/11/2018,00:04
23,60,09/11/2018,00:10
23,61,13/11/2018,00:12
23,63,14/11/2018,00:27
23,63,15/11/2018,00:25
23,63,16/11/2018,00:46
23,64,19/11/2018,00:43
23,64,20/11/2018,00:43
23,60,21/11/2018,00:30
23,60,22/11/2018,00:25
23,60,23/11/2018,00:16
23,55,26/11/2018,00:10
23,54,27/11/2018,00:08
23,53,28/11/2018,00:14
23,53,29/11/2018,00:15
23,95,30/11/2018,00:45
23,90,03/12/2018,00:29
23,85,04/12/2018,00:14
23,80,05/12/2018,00:06
23,85,06/12/2018,00:02
23,80,07/12/2018,00:03
23,95,10/12/2018,00:43
23,95,11/12/2018,00:43
23,95,12/12/2018,00:30
23,95,13/12/2018,00:25
23,95,14/12/2018,00:16
23,95,17/12/2018,00:40
23,95,18/12/2018,00:39
23,95,19/12/2018,00:32
23,95,20/12/2018,00:26
23,95,21/12/2018,00:18
23,90,24/12/2018,00:10
23,85,26/12/2018,00:08
23,80,27/12/2018,00:14
23,95,28/12/2018,00:19
23,60,31/12/2018,00:43
23,40,02/01/2019,00:30
23,45,03/01/2019,00:15
23,47,04/01/2019,00:07
23,55,08/01/2019,00:07
23,55,09/01/2019,00:03
23,55,10/01/2019,00:04
23,55,11/01/2019,00:06
23,50,14/01/2019,00:10
23,80,15/01/2019,00:20
23,80,16/01/2019,00:12
23,75,17/01/2019,00:08
23,80,18/01/2019,00:39
23,68,21/01/2019,00:10
23,55,22/01/2019,00:09
23,55,23/01/2019,00:14
23,55,24/01/2019,00:10
23,80,25/01/2019,00:21
23,75,28/01/2019,00:10
23,75,29/01/2019,00:08
23,80,30/01/2019,00:14
23,80,31/01/2019,00:45
23,75,01/02/2019,00:30
23,80,04/02/2019,00:15
23,80,05/02/2019,00:07
23,80,06/02/2019,00:07
23,80,07/02/2019,00:03
23,85,08/02/2019,00:29
23,85,11/02/2019,00:25
23,85,12/02/2019,00:30
23,85,13/02/2019,00:25
23,85,14/02/2019,00:16
23,95,15/02/2019,00:40
23,95,18/02/2019,00:39
23,95,19/02/2019,00:32
23,90,20/02/2019,00:26
23,90,21/02/2019,00:18
23,70,22/02/2019,00:13
23,95,25/02/2019,00:26
23,90,26/02/2019,00:07
23,90,27/02/2019,00:03
23,95,28/02/2019,00:44
23,90,01/03/2019,00:31
23,80,04/03/2019,00:14
23,80,05/03/2019,00:15
23,80,06/03/2019,00:07
23,85,07/03/2019,00:07
23,95,08/03/2019,00:29
23,95,11/03/2019,00:25
23,95,12/03/2019,00:30
23,95,13/03/2019,00:25
23,95,14/03/2019,00:16
23,95,15/03/2019,00:40
23,95,18/03/2019,00:39
23,95,19/03/2019,00:32
23,95,20/03/2019,00:26
23,95,21/03/2019,00:18
23,85,22/03/2019,00:13
23,95,26/03/2019,00:18
23,85,27/03/2019,00:14
23,85,28/03/2019,00:15
23,95,29/03/2019,00:43
23,90,01/04/2019,00:29
23,90,02/04/2019,00:28
23,85,03/04/2019,00:18
23,85,04/04/2019,00:16
23,95,05/04/2019,00:29
23,85,08/04/2019,00:16
23,95,09/04/2019,00:29
23,95,10/04/2019,00:25
23,95,11/04/2019,00:30
23,95,12/04/2019,00:25
23,95,15/04/2019,00:40
23,95,16/04/2019,00:39
23,85,17/04/2019,00:13
23,95,22/04/2019,00:25
23,95,23/04/2019,00:16
23,95,24/04/2019,00:26
23,95,25/04/2019,00:18
23,95,26/04/2019,00:26
23,95,29/04/2019,00:18
23,95,30/04/2019,00:42
23,95,02/05/2019,00:41
23,95,03/05/2019,00:41
23,95,06/05/2019,00:29
23,95,07/05/2019,00:25
23,95,08/05/2019,00:30
23,95,09/05/2019,00:25
23,95,10/05/2019,00:25
23,95,13/05/2019,00:16
23,95,14/05/2019,00:26
23,95,15/05/2019,00:42
23,95,16/05/2019,00:40
23,95,17/05/2019,00:38
23,95,20/05/2019,00:36
23,95,21/05/2019,00:25
23,95,22/05/2019,00:16
23,85,23/05/2019,00:14
23,85,24/05/2019,00:15
23,95,27/05/2019,00:18
23,90,28/05/2019,00:14
23,90,29/05/2019,00:15
23,90,30/05/2019,00:39
23,95,31/05/2019,00:41
23,90,04/06/2019,00:16
23,90,05/06/2019,00:29
23,85,06/06/2019,00:16
23,80,07/06/2019,00:07
23,80,10/06/2019,00:07
23,95,11/06/2019,00:25
23,95,12/06/2019,00:16
23,95,13/06/2019,00:26
23,95,14/06/2019,00:42
23,95,17/06/2019,00:40
23,95,18/06/2019,00:38
23,95,19/06/2019,00:36
23,95,20/06/2019,00:25
23,95,21/06/2019,00:16
23,95,25/06/2019,00:18
23,90,26/06/2019,00:14
23,85,27/06/2019,00:15
23,95,28/06/2019,00:40
23,90,02/07/2019,00:16
23,90,03/07/2019,00:29
23,85,04/07/2019,00:16
23,85,05/07/2019,00:07
23,80,08/07/2019,00:19
23,95,09/07/2019,00:25
23,95,10/07/2019,00:16
23,95,11/07/2019,00:26
23,95,12/07/2019,00:42
23,95,15/07/2019,00:40
23,95,16/07/2019,00:40
23,95,17/07/2019,00:38
23,95,18/07/2019,00:36
23,95,19/07/2019,00:25
23,95,22/07/2019,00:22
23,90,23/07/2019,00:14
23,85,24/07/2019,00:15
23,95,25/07/2019,00:19
23,90,26/07/2019,00:14
23,85,29/07/2019,00:15
23,80,30/07/2019,00:38
23,95,31/07/2019,00:39
23,90,01/08/2019,00:26
23,80,02/08/2019,00:29
23,85,05/08/2019,00:16
23,95,06/08/2019,00:29
23,95,08/08/2019,00:25
23,95,09/08/2019,00:30
23,95,12/08/2019,00:25
23,95,13/08/2019,00:25
23,95,14/08/2019,00:26
23,95,15/08/2019,00:39
23,95,16/08/2019,00:37
23,95,20/08/2019,00:30
23,95,21/08/2019,00:20
23,95,22/08/2019,00:28
23,95,23/08/2019,00:26
23,95,26/08/2019,00:25
23,95,27/08/2019,00:16
23,95,28/08/2019,00:18
23,95,29/08/2019,00:25
23,95,30/08/2019,00:45
23,95,02/09/2019,00:39
23,95,03/09/2019,00:37
23,95,04/09/2019,00:26
23,95,05/09/2019,00:23
23,95,06/09/2019,00:22
23,95,09/09/2019,00:30
23,95,10/09/2019,00:25
23,95,11/09/2019,00:25
23,95,12/09/2019,00:26
23,95,13/09/2019,00:45
23,95,16/09/2019,00:36
23,95,17/09/2019,00:37
23,95,18/09/2019,00:30
23,95,19/09/2019,00:27
23,95,20/09/2019,00:22
23,95,23/09/2019,00:17
23,95,24/09/2019,00:20
23,95,25/09/2019,00:23
23,95,26/09/2019,00:11
23,95,27/09/2019,00:21
23,95,30/09/2019,00:39
23,95,01/10/2019,00:39
23,95,02/10/2019,00:37
23,95,03/10/2019,00:26
23,95,04/10/2019,00:23
23,95,07/10/2019,00:22
23,95,08/10/2019,00:30
23,95,09/10/2019,00:25
23,95,10/10/2019,00:25
23,95,11/10/2019,00:26
23,95,15/10/2019,00:40
23,95,16/10/2019,00:19
23,95,17/10/2019,00:22
23,95,18/10/2019,00:29
23,95,21/10/2019,00:22
23,95,22/10/2019,00:17
23,90,23/10/2019,00:14
23,85,24/10/2019,00:15
23,95,25/10/2019,00:23
23,90,28/10/2019,00:09
23,85,29/10/2019,00:15
23,80,30/10/2019,00:39
23,95,31/10/2019,00:41
23,90,01/11/2019,00:41
23,90,05/11/2019,00:17
23,85,06/11/2019,00:19
23,80,07/11/2019,00:19
23,95,08/11/2019,00:30
23,95,12/11/2019,00:25
23,95,13/11/2019,00:25
23,95,14/11/2019,00:26
23,95,15/11/2019,00:40
24,98,01/11/2018,00:45
24,98,02/11/2018,00:22
24,90,06/11/2018,00:10
24,83,07/11/2018,00:04
24,83,08/11/2018,00:06
24,90,09/11/2018,00:15
24,92,13/11/2018,00:18
24,95,14/11/2018,00:40
24,95,15/11/2018,00:37
24,95,16/11/2018,01:09
24,96,19/11/2018,01:04
24,96,20/11/2018,01:04
24,90,21/11/2018,00:45
24,90,22/11/2018,00:37
24,90,23/11/2018,00:24
24,83,26/11/2018,00:15
24,81,27/11/2018,00:12
24,80,28/11/2018,00:21
24,80,29/11/2018,00:22
24,143,30/11/2018,01:07
24,135,03/12/2018,00:43
24,128,04/12/2018,00:21
24,120,05/12/2018,00:09
24,128,06/12/2018,00:03
24,120,07/12/2018,00:04
24,143,10/12/2018,01:04
24,143,11/12/2018,01:04
24,143,12/12/2018,00:45
24,143,13/12/2018,00:37
24,143,14/12/2018,00:24
24,143,17/12/2018,01:00
24,143,18/12/2018,00:58
24,143,19/12/2018,00:48
24,143,20/12/2018,00:39
24,143,21/12/2018,00:27
24,135,24/12/2018,00:15
24,128,26/12/2018,00:12
24,120,27/12/2018,00:21
24,143,28/12/2018,00:28
24,90,31/12/2018,01:04
24,60,02/01/2019,00:45
24,68,03/01/2019,00:22
24,71,04/01/2019,00:10
24,83,08/01/2019,00:10
24,83,09/01/2019,00:04
24,83,10/01/2019,00:06
24,83,11/01/2019,00:09
24,75,14/01/2019,00:15
24,120,15/01/2019,00:30
24,120,16/01/2019,00:18
24,113,17/01/2019,00:12
24,120,18/01/2019,00:58
24,102,21/01/2019,00:15
24,83,22/01/2019,00:13
24,83,23/01/2019,00:21
24,83,24/01/2019,00:15
24,120,25/01/2019,00:31
24,113,28/01/2019,00:15
24,113,29/01/2019,00:12
24,120,30/01/2019,00:21
24,120,31/01/2019,01:07
24,113,01/02/2019,00:45
24,120,04/02/2019,00:22
24,120,05/02/2019,00:10
24,120,06/02/2019,00:10
24,120,07/02/2019,00:04
24,128,08/02/2019,00:43
24,128,11/02/2019,00:37
24,128,12/02/2019,00:45
24,128,13/02/2019,00:37
24,128,14/02/2019,00:24
24,143,15/02/2019,01:00
24,143,18/02/2019,00:58
24,143,19/02/2019,00:48
24,135,20/02/2019,00:39
24,135,21/02/2019,00:27
24,105,22/02/2019,00:19
24,143,25/02/2019,00:39
24,135,26/02/2019,00:10
24,135,27/02/2019,00:04
24,143,28/02/2019,01:06
24,135,01/03/2019,00:46
24,120,04/03/2019,00:21
24,120,05/03/2019,00:22
24,120,06/03/2019,00:10
24,128,07/03/2019,00:10
24,143,08/03/2019,00:43
24,143,11/03/2019,00:37
24,143,12/03/2019,00:45
24,143,13/03/2019,00:37
24,143,14/03/2019,00:24
24,143,15/03/2019,01:00
24,143,18/03/2019,00:58
24,143,19/03/2019,00:48
24,143,20/03/2019,00:39
24,143,21/03/2019,00:27
24,128,22/03/2019,00:19
24,143,26/03/2019,00:27
24,128,27/03/2019,00:21
24,128,28/03/2019,00:22
24,143,29/03/2019,01:04
24,135,01/04/2019,00:43
24,135,02/04/2019,00:42
24,128,03/04/2019,00:27
24,128,04/04/2019,00:24
24,143,05/04/2019,00:43
24,128,08/04/2019,00:24
24,143,09/04/2019,00:43
24,143,10/04/2019,00:37
24,143,11/04/2019,00:45
24,143,12/04/2019,00:37
24,143,15/04/2019,01:00
24,143,16/04/2019,00:58
24,128,17/04/2019,00:19
24,143,22/04/2019,00:37
24,143,23/04/2019,00:24
24,143,24/04/2019,00:39
24,143,25/04/2019,00:27
24,143,26/04/2019,00:39
24,143,29/04/2019,00:27
24,143,30/04/2019,01:03
24,143,02/05/2019,01:01
24,143,03/05/2019,01:01
24,143,06/05/2019,00:43
24,143,07/05/2019,00:37
24,143,08/05/2019,00:45
24,143,09/05/2019,00:37
24,143,10/05/2019,00:37
24,143,13/05/2019,00:24
24,143,14/05/2019,00:39
24,143,15/05/2019,01:03
24,143,16/05/2019,01:00
24,143,17/05/2019,00:57
24,143,20/05/2019,00:54
24,143,21/05/2019,00:37
24,143,22/05/2019,00:24
24,128,23/05/2019,00:21
24,128,24/05/2019,00:22
24,143,27/05/2019,00:27
24,135,28/05/2019,00:21
24,135,29/05/2019,00:22
24,135,30/05/2019,00:58
24,143,31/05/2019,01:01
24,135,04/06/2019,00:24
24,135,05/06/2019,00:43
24,128,06/06/2019,00:24
24,120,07/06/2019,00:10
24,120,10/06/2019,00:10
24,143,11/06/2019,00:37
24,143,12/06/2019,00:24
24,143,13/06/2019,00:39
24,143,14/06/2019,01:03
24,143,17/06/2019,01:00
24,143,18/06/2019,00:57
24,143,19/06/2019,00:54
24,143,20/06/2019,00:37
24,143,21/06/2019,00:24
24,143,25/06/2019,00:27
24,135,26/06/2019,00:21
24,128,27/06/2019,00:22
24,143,28/06/2019,01:00
24,135,02/07/2019,00:24
24,135,03/07/2019,00:43
24,128,04/07/2019,00:24
24,128,05/07/2019,00:10
24,120,08/07/2019,00:28
24,143,09/07/2019,00:37
24,143,10/07/2019,00:24
24,143,11/07/2019,00:39
24,143,12/07/2019,01:03
24,143,15/07/2019,01:00
24,143,16/07/2019,01:00
24,143,17/07/2019,00:57
24,143,18/07/2019,00:54
24,143,19/07/2019,00:37
24,143,22/07/2019,00:33
24,135,23/07/2019,00:21
24,128,24/07/2019,00:22
24,143,25/07/2019,00:28
24,135,26/07/2019,00:21
24,128,29/07/2019,00:22
24,120,30/07/2019,00:57
24,143,31/07/2019,00:58
24,135,01/08/2019,00:39
24,120,02/08/2019,00:43
24,128,05/08/2019,00:24
24,143,06/08/2019,00:43
24,143,08/08/2019,00:37
24,143,09/08/2019,00:45
24,143,12/08/2019,00:37
24,143,13/08/2019,00:37
24,143,14/08/2019,00:39
24,143,15/08/2019,00:58
24,143,16/08/2019,00:55
24,143,20/08/2019,00:45
24,143,21/08/2019,00:30
24,143,22/08/2019,00:42
24,143,23/08/2019,00:39
24,143,26/08/2019,00:37
24,143,27/08/2019,00:24
24,143,28/08/2019,00:27
24,143,29/08/2019,00:37
24,143,30/08/2019,01:07
24,143,02/09/2019,00:58
24,143,03/09/2019,00:55
24,143,04/09/2019,00:39
24,143,05/09/2019,00:34
24,143,06/09/2019,00:33
24,143,09/09/2019,00:45
24,143,10/09/2019,00:37
24,143,11/09/2019,00:37
24,143,12/09/2019,00:39
24,143,13/09/2019,01:07
24,143,16/09/2019,00:54
24,143,17/09/2019,00:55
24,143,18/09/2019,00:45
24,143,19/09/2019,00:40
24,143,20/09/2019,00:33
24,143,23/09/2019,00:25
24,143,24/09/2019,00:30
24,143,25/09/2019,00:34
24,143,26/09/2019,00:16
24,143,27/09/2019,00:31
24,143,30/09/2019,00:58
24,143,01/10/2019,00:58
24,143,02/10/2019,00:55
24,143,03/10/2019,00:39
24,143,04/10/2019,00:34
24,143,07/10/2019,00:33
24,143,08/10/2019,00:45
24,143,09/10/2019,00:37
24,143,10/10/2019,00:37
24,143,11/10/2019,00:39
24,143,15/10/2019,01:00
24,143,16/10/2019,00:28
24,143,17/10/2019,00:33
24,143,18/10/2019,00:43
24,143,21/10/2019,00:33
24,143,22/10/2019,00:25
24,135,23/10/2019,00:21
24,128,24/10/2019,00:22
24,143,25/10/2019,00:34
24,135,28/10/2019,00:13
24,128,29/10/2019,00:22
24,120,30/10/2019,00:58
24,143,31/10/2019,01:01
24,135,01/11/2019,01:01
24,135,05/11/2019,00:25
24,128,06/11/2019,00:28
24,120,07/11/2019,00:28
24,143,08/11/2019,00:45
24,143,12/11/2019,00:37
24,143,13/11/2019,00:37
24,143,14/11/2019,00:39
24,143,15/11/2019,01:00
197,33,01/11/2018,00:15
197,33,02/11/2018,00:07
197,30,06/11/2018,00:03
197,28,07/11/2018,00:01
197,28,08/11/2018,00:02
197,30,09/11/2018,00:05
197,31,13/11/2018,00:06
197,32,14/11/2018,00:13
197,32,15/11/2018,00:12
197,32,16/11/2018,00:23
197,32,19/11/2018,00:21
197,32,20/11/2018,00:21
197,30,21/11/2018,00:15
197,30,22/11/2018,00:12
197,30,23/11/2018,00:08
197,28,26/11/2018,00:05
197,27,27/11/2018,00:04
197,27,28/11/2018,00:07
197,27,29/11/2018,00:07
197,48,30/11/2018,00:22
197,45,03/12/2018,00:14
197,43,04/12/2018,00:07
197,40,05/12/2018,00:03
197,43,06/12/2018,00:01
197,40,07/12/2018,00:01
197,48,10/12/2018,00:21
197,48,11/12/2018,00:21
197,48,12/12/2018,00:15
197,48,13/12/2018,00:12
197,48,14/12/2018,00:08
197,48,17/12/2018,00:20
197,48,18/12/2018,00:19
197,48,19/12/2018,00:16
197,48,20/12/2018,00:13
197,48,21/12/2018,00:09
197,45,24/12/2018,00:05
197,43,26/12/2018,00:04
197,40,27/12/2018,00:07
197,48,28/12/2018,00:09
197,30,31/12/2018,00:21
197,20,02/01/2019,00:15
197,23,03/01/2019,00:07
197,24,04/01/2019,00:03
197,28,08/01/2019,00:03
197,28,09/01/2019,00:01
197,28,10/01/2019,00:02
197,28,11/01/2019,00:03
197,25,14/01/2019,00:05
197,40,15/01/2019,00:10
197,40,16/01/2019,00:06
197,38,17/01/2019,00:04
197,40,18/01/2019,00:19
197,34,21/01/2019,00:05
197,28,22/01/2019,00:04
197,28,23/01/2019,00:07
197,28,24/01/2019,00:05
197,40,25/01/2019,00:10
197,38,28/01/2019,00:05
197,38,29/01/2019,00:04
197,40,30/01/2019,00:07
197,40,31/01/2019,00:22
197,38,01/02/2019,00:15
197,40,04/02/2019,00:07
197,40,05/02/2019,00:03
197,40,06/02/2019,00:03
197,40,07/02/2019,00:01
197,43,08/02/2019,00:14
197,43,11/02/2019,00:12
197,43,12/02/2019,00:15
197,43,13/02/2019,00:12
197,43,14/02/2019,00:08
197,48,15/02/2019,00:20
197,48,18/02/2019,00:19
197,48,19/02/2019,00:16
197,45,20/02/2019,00:13
197,45,21/02/2019,00:09
197,35,22/02/2019,00:06
197,48,25/02/2019,00:13
197,45,26/02/2019,00:03
197,45,27/02/2019,00:01
197,48,28/02/2019,00:22
197,45,01/03/2019,00:15
197,40,04/03/2019,00:07
197,40,05/03/2019,00:07
197,40,06/03/2019,00:03
197,43,07/03/2019,00:03
197,48,08/03/2019,00:14
197,48,11/03/2019,00:12
197,48,12/03/2019,00:15
197,48,13/03/2019,00:12
197,48,14/03/2019,00:08
197,48,15/03/2019,00:20
197,48,18/03/2019,00:19
197,48,19/03/2019,00:16
197,48,20/03/2019,00:13
197,48,21/03/2019,00:09
197,43,22/03/2019,00:06
197,48,26/03/2019,00:09
197,43,27/03/2019,00:07
197,43,28/03/2019,00:07
197,48,29/03/2019,00:21
197,45,01/04/2019,00:14
197,45,02/04/2019,00:14
197,43,03/04/2019,00:09
197,43,04/04/2019,00:08
197,48,05/04/2019,00:14
197,43,08/04/2019,00:08
197,48,09/04/2019,00:14
197,48,10/04/2019,00:12
197,48,11/04/2019,00:15
197,48,12/04/2019,00:12
197,48,15/04/2019,00:20
197,48,16/04/2019,00:19
197,43,17/04/2019,00:06
197,48,22/04/2019,00:12
197,48,23/04/2019,00:08
197,48,24/04/2019,00:13
197,48,25/04/2019,00:09
197,48,26/04/2019,00:13
197,48,29/04/2019,00:09
197,48,30/04/2019,00:21
197,48,02/05/2019,00:20
197,48,03/05/2019,00:20
197,48,06/05/2019,00:14
197,48,07/05/2019,00:12
197,48,08/05/2019,00:15
197,48,09/05/2019,00:12
197,48,10/05/2019,00:12
197,48,13/05/2019,00:08
197,48,14/05/2019,00:13
197,48,15/05/2019,00:21
197,48,16/05/2019,00:20
197,48,17/05/2019,00:19
197,48,20/05/2019,00:18
197,48,21/05/2019,00:12
197,48,22/05/2019,00:08
197,43,23/05/2019,00:07
197,43,24/05/2019,00:07
197,48,27/05/2019,00:09
197,45,28/05/2019,00:07
197,45,29/05/2019,00:07
197,45,30/05/2019,00:19
197,48,31/05/2019,00:20
197,45,04/06/2019,00:08
197,45,05/06/2019,00:14
197,43,06/06/2019,00:08
197,40,07/06/2019,00:03
197,40,10/06/2019,00:03
197,48,11/06/2019,00:12
197,48,12/06/2019,00:08
197,48,13/06/2019,00:13
197,48,14/06/2019,00:21
197,48,17/06/2019,00:20
197,48,18/06/2019,00:19
197,48,19/06/2019,00:18
197,48,20/06/2019,00:12
197,48,21/06/2019,00:08
197,48,25/06/2019,00:09
197,45,26/06/2019,00:07
197,43,27/06/2019,00:07
197,48,28/06/2019,00:20
197,45,02/07/2019,00:08
197,45,03/07/2019,00:14
197,43,04/07/2019,00:08
197,43,05/07/2019,00:03
197,40,08/07/2019,00:09
197,48,09/07/2019,00:12
197,48,10/07/2019,00:08
197,48,11/07/2019,00:13
197,48,12/07/2019,00:21
197,48,15/07/2019,00:20
197,48,16/07/2019,00:20
197,48,17/07/2019,00:19
197,48,18/07/2019,00:18
197,48,19/07/2019,00:12
197,48,22/07/2019,00:11
197,45,23/07/2019,00:07
197,43,24/07/2019,00:07
197,48,25/07/2019,00:09
197,45,26/07/2019,00:07
197,43,29/07/2019,00:07
197,40,30/07/2019,00:19
197,48,31/07/2019,00:19
197,45,01/08/2019,00:13
197,40,02/08/2019,00:14
197,43,05/08/2019,00:08
197,48,06/08/2019,00:14
197,48,08/08/2019,00:12
197,48,09/08/2019,00:15
197,48,12/08/2019,00:12
197,48,13/08/2019,00:12
197,48,14/08/2019,00:13
197,48,15/08/2019,00:19
197,48,16/08/2019,00:18
197,48,20/08/2019,00:15
197,48,21/08/2019,00:10
197,48,22/08/2019,00:14
197,48,23/08/2019,00:13
197,48,26/08/2019,00:12
197,48,27/08/2019,00:08
197,48,28/08/2019,00:09
197,48,29/08/2019,00:12
197,48,30/08/2019,00:22
197,48,02/09/2019,00:19
197,48,03/09/2019,00:18
197,48,04/09/2019,00:13
197,48,05/09/2019,00:11
197,48,06/09/2019,00:11
197,48,09/09/2019,00:15
197,48,10/09/2019,00:12
197,48,11/09/2019,00:12
197,48,12/09/2019,00:13
197,48,13/09/2019,00:22
197,48,16/09/2019,00:18
197,48,17/09/2019,00:18
197,48,18/09/2019,00:15
197,48,19/09/2019,00:13
197,48,20/09/2019,00:11
197,48,23/09/2019,00:08
197,48,24/09/2019,00:10
197,48,25/09/2019,00:11
197,48,26/09/2019,00:05
197,48,27/09/2019,00:10
197,48,30/09/2019,00:19
197,48,01/10/2019,00:19
197,48,02/10/2019,00:18
197,48,03/10/2019,00:13
197,48,04/10/2019,00:11
197,48,07/10/2019,00:11
197,48,08/10/2019,00:15
197,48,09/10/2019,00:12
197,48,10/10/2019,00:12
197,48,11/10/2019,00:13
197,48,15/10/2019,00:20
197,48,16/10/2019,00:09
197,48,17/10/2019,00:11
197,48,18/10/2019,00:14
197,48,21/10/2019,00:11
197,48,22/10/2019,00:08
197,45,23/10/2019,00:07
197,43,24/10/2019,00:07
197,48,25/10/2019,00:11
197,45,28/10/2019,00:04
197,43,29/10/2019,00:07
197,40,30/10/2019,00:19
197,48,31/10/2019,00:20
197,45,01/11/2019,00:20
197,45,05/11/2019,00:08
197,43,06/11/2019,00:09
197,40,07/11/2019,00:09
197,48,08/11/2019,00:15
197,48,12/11/2019,00:12
197,48,13/11/2019,00:12
197,48,14/11/2019,00:13
197,48,15/11/2019,00:20
432,130,01/11/2018,01:00
432,130,02/11/2018,00:30
432,120,06/11/2018,00:14
432,110,07/11/2018,00:06
432,110,08/11/2018,00:08
432,120,09/11/2018,00:20
432,122,13/11/2018,00:24
432,126,14/11/2018,00:54
432,126,15/11/2018,00:50
432,126,16/11/2018,01:32
432,128,19/11/2018,01:26
432,128,20/11/2018,01:26
432,120,21/11/2018,01:00
432,120,22/11/2018,00:50
432,120,23/11/2018,00:32
432,110,26/11/2018,00:20
432,108,27/11/2018,00:16
432,106,28/11/2018,00:28
432,106,29/11/2018,00:30
432,190,30/11/2018,01:30
432,180,03/12/2018,00:58
432,170,04/12/2018,00:28
432,160,05/12/2018,00:12
432,170,06/12/2018,00:04
432,160,07/12/2018,00:06
432,190,10/12/2018,01:26
432,190,11/12/2018,01:26
432,190,12/12/2018,01:00
432,190,13/12/2018,00:50
432,190,14/12/2018,00:32
432,190,17/12/2018,01:20
432,190,18/12/2018,01:18
432,190,19/12/2018,01:04
432,190,20/12/2018,00:52
432,190,21/12/2018,00:36
432,180,24/12/2018,00:20
432,170,26/12/2018,00:16
432,160,27/12/2018,00:28
432,190,28/12/2018,00:38
432,120,31/12/2018,01:26
432,80,02/01/2019,01:00
432,90,03/01/2019,00:30
432,94,04/01/2019,00:14
432,110,08/01/2019,00:14
432,110,09/01/2019,00:06
432,110,10/01/2019,00:08
432,110,11/01/2019,00:12
432,100,14/01/2019,00:20
432,160,15/01/2019,00:40
432,160,16/01/2019,00:24
432,150,17/01/2019,00:16
432,160,18/01/2019,01:18
432,136,21/01/2019,00:20
432,110,22/01/2019,00:18
432,110,23/01/2019,00:28
432,110,24/01/2019,00:20
432,160,25/01/2019,00:42
432,150,28/01/2019,00:20
432,150,29/01/2019,00:16
432,160,30/01/2019,00:28
432,160,31/01/2019,01:30
432,150,01/02/2019,01:00
432,160,04/02/2019,00:30
432,160,05/02/2019,00:14
432,160,06/02/2019,00:14
432,160,07/02/2019,00:06
432,170,08/02/2019,00:58
432,170,11/02/2019,00:50
432,170,12/02/2019,01:00
432,170,13/02/2019,00:50
432,170,14/02/2019,00:32
432,190,15/02/2019,01:20
432,190,18/02/2019,01:18
432,190,19/02/2019,01:04
432,180,20/02/2019,00:52
432,180,21/02/2019,00:36
432,140,22/02/2019,00:26
432,190,25/02/2019,00:52
432,180,26/02/2019,00:14
432,180,27/02/2019,00:06
432,190,28/02/2019,01:28
432,180,01/03/2019,01:02
432,160,04/03/2019,00:28
432,160,05/03/2019,00:30
432,160,06/03/2019,00:14
432,170,07/03/2019,00:14
432,190,08/03/2019,00:58
432,190,11/03/2019,00:50
432,190,12/03/2019,01:00
432,190,13/03/2019,00:50
432,190,14/03/2019,00:32
432,190,15/03/2019,01:20
432,190,18/03/2019,01:18
432,190,19/03/2019,01:04
432,190,20/03/2019,00:52
432,190,21/03/2019,00:36
432,170,22/03/2019,00:26
432,190,26/03/2019,00:36
432,170,27/03/2019,00:28
432,170,28/03/2019,00:30
432,190,29/03/2019,01:26
432,180,01/04/2019,00:58
432,180,02/04/2019,00:56
432,170,03/04/2019,00:36
432,170,04/04/2019,00:32
432,190,05/04/2019,00:58
432,170,08/04/2019,00:32
432,190,09/04/2019,00:58
432,190,10/04/2019,00:50
432,190,11/04/2019,01:00
432,190,12/04/2019,00:50
432,190,15/04/2019,01:20
432,190,16/04/2019,01:18
432,170,17/04/2019,00:26
432,190,22/04/2019,00:50
432,190,23/04/2019,00:32
432,190,24/04/2019,00:52
432,190,25/04/2019,00:36
432,190,26/04/2019,00:52
432,190,29/04/2019,00:36
432,190,30/04/2019,01:24
432,190,02/05/2019,01:22
432,190,03/05/2019,01:22
432,190,06/05/2019,00:58
432,190,07/05/2019,00:50
432,190,08/05/2019,01:00
432,190,09/05/2019,00:50
432,190,10/05/2019,00:50
432,190,13/05/2019,00:32
432,190,14/05/2019,00:52
432,190,15/05/2019,01:24
432,190,16/05/2019,01:20
432,190,17/05/2019,01:16
432,190,20/05/2019,01:12
432,190,21/05/2019,00:50
432,190,22/05/2019,00:32
432,170,23/05/2019,00:28
432,170,24/05/2019,00:30
432,190,27/05/2019,00:36
432,180,28/05/2019,00:28
432,180,29/05/2019,00:30
432,180,30/05/2019,01:18
432,190,31/05/2019,01:22
432,180,04/06/2019,00:32
432,180,05/06/2019,00:58
432,170,06/06/2019,00:32
432,160,07/06/2019,00:14
432,160,10/06/2019,00:14
432,190,11/06/2019,00:50
432,190,12/06/2019,00:32
432,190,13/06/2019,00:52
432,190,14/06/2019,01:24
432,190,17/06/2019,01:20
432,190,18/06/2019,01:16
432,190,19/06/2019,01:12
432,190,20/06/2019,00:50
432,190,21/06/2019,00:32
432,190,25/06/2019,00:36
432,180,26/06/2019,00:28
432,170,27/06/2019,00:30
432,190,28/06/2019,01:20
432,180,02/07/2019,00:32
432,180,03/07/2019,00:58
432,170,04/07/2019,00:32
432,170,05/07/2019,00:14
432,160,08/07/2019,00:38
432,190,09/07/2019,00:50
432,190,10/07/2019,00:32
432,190,11/07/2019,00:52
432,190,12/07/2019,01:24
432,190,15/07/2019,01:20
432,190,16/07/2019,01:20
432,190,17/07/2019,01:16
432,190,18/07/2019,01:12
432,190,19/07/2019,00:50
432,190,22/07/2019,00:44
432,180,23/07/2019,00:28
432,170,24/07/2019,00:30
432,190,25/07/2019,00:38
432,180,26/07/2019,00:28
432,170,29/07/2019,00:30
432,160,30/07/2019,01:16
432,190,31/07/2019,01:18
432,180,01/08/2019,00:52
432,160,02/08/2019,00:58
432,170,05/08/2019,00:32
432,190,06/08/2019,00:58
432,190,08/08/2019,00:50
432,190,09/08/2019,01:00
432,190,12/08/2019,00:50
432,190,13/08/2019,00:50
432,190,14/08/2019,00:52
432,190,15/08/2019,01:18
432,190,16/08/2019,01:14
432,190,20/08/2019,01:00
432,190,21/08/2019,00:40
432,190,22/08/2019,00:56
432,190,23/08/2019,00:52
432,190,26/08/2019,00:50
432,190,27/08/2019,00:32
432,190,28/08/2019,00:36
432,190,29/08/2019,00:50
432,190,30/08/2019,01:30
432,190,02/09/2019,01:18
432,190,03/09/2019,01:14
432,190,04/09/2019,00:52
432,190,05/09/2019,00:46
432,190,06/09/2019,00:44
432,190,09/09/2019,01:00
432,190,10/09/2019,00:50
432,190,11/09/2019,00:50
432,190,12/09/2019,00:52
432,190,13/09/2019,01:30
432,190,16/09/2019,01:12
432,190,17/09/2019,01:14
432,190,18/09/2019,01:00
432,190,19/09/2019,00:54
432,190,20/09/2019,00:44
432,190,23/09/2019,00:34
432,190,24/09/2019,00:40
432,190,25/09/2019,00:46
432,190,26/09/2019,00:22
432,190,27/09/2019,00:42
432,190,30/09/2019,01:18
432,190,01/10/2019,01:18
432,190,02/10/2019,01:14
432,190,03/10/2019,00:52
432,190,04/10/2019,00:46
432,190,07/10/2019,00:44
432,190,08/10/2019,01:00
432,190,09/10/2019,00:50
432,190,10/10/2019,00:50
432,190,11/10/2019,00:52
432,190,15/10/2019,01:20
432,190,16/10/2019,00:38
432,190,17/10/2019,00:44
432,190,18/10/2019,00:58
432,190,21/10/2019,00:44
432,190,22/10/2019,00:34
432,180,23/10/2019,00:28
432,170,24/10/2019,00:30
432,190,25/10/2019,00:46
432,180,28/10/2019,00:18
432,170,29/10/2019,00:30
432,160,30/10/2019,01:18
432,190,31/10/2019,01:22
432,180,01/11/2019,01:22
432,180,05/11/2019,00:34
432,170,06/11/2019,00:38
432,160,07/11/2019,00:38
432,190,08/11/2019,01:00
432,190,12/11/2019,00:50
432,190,13/11/2019,00:50
432,190,14/11/2019,00:52
432,190,15/11/2019,01:20
923,163,01/11/2018,01:15
923,163,02/11/2018,00:37
923,150,06/11/2018,00:17
923,138,07/11/2018,00:07
923,138,08/11/2018,00:10
923,150,09/11/2018,00:25
923,153,13/11/2018,00:30
923,158,14/11/2018,01:07
923,158,15/11/2018,01:02
923,158,16/11/2018,01:55
923,160,19/11/2018,01:47
923,160,20/11/2018,01:47
923,150,21/11/2018,01:15
923,150,22/11/2018,01:02
923,150,23/11/2018,00:40
923,138,26/11/2018,00:25
923,135,27/11/2018,00:20
923,133,28/11/2018,00:35
923,133,29/11/2018,00:37
923,238,30/11/2018,01:52
923,225,03/12/2018,01:12
923,213,04/12/2018,00:35
923,200,05/12/2018,00:15
923,213,06/12/2018,00:05
923,200,07/12/2018,00:07
923,238,10/12/2018,01:47
923,238,11/12/2018,01:47
923,238,12/12/2018,01:15
923,238,13/12/2018,01:02
923,238,14/12/2018,00:40
923,238,17/12/2018,01:40
923,238,18/12/2018,01:37
923,238,19/12/2018,01:20
923,238,20/12/2018,01:05
923,238,21/12/2018,00:45
923,225,24/12/2018,00:25
923,213,26/12/2018,00:20
923,200,27/12/2018,00:35
923,238,28/12/2018,00:47
923,150,31/12/2018,01:47
923,100,02/01/2019,01:15
923,113,03/01/2019,00:37
923,118,04/01/2019,00:17
923,138,08/01/2019,00:17
923,138,09/01/2019,00:07
923,138,10/01/2019,00:10
923,138,11/01/2019,00:15
923,125,14/01/2019,00:25
923,200,15/01/2019,00:50
923,200,16/01/2019,00:30
923,188,17/01/2019,00:20
923,200,18/01/2019,01:37
923,170,21/01/2019,00:25
923,138,22/01/2019,00:22
923,138,23/01/2019,00:35
923,138,24/01/2019,00:25
923,200,25/01/2019,00:52
923,188,28/01/2019,00:25
923,188,29/01/2019,00:20
923,200,30/01/2019,00:35
923,200,31/01/2019,01:52
923,188,01/02/2019,01:15
923,200,04/02/2019,00:37
923,200,05/02/2019,00:17
923,200,06/02/2019,00:17
923,200,07/02/2019,00:07
923,213,08/02/2019,01:12
923,213,11/02/2019,01:02
923,213,12/02/2019,01:15
923,213,13/02/2019,01:02
923,213,14/02/2019,00:40
923,238,15/02/2019,01:40
923,238,18/02/2019,01:37
923,238,19/02/2019,01:20
923,225,20/02/2019,01:05
923,225,21/02/2019,00:45
923,175,22/02/2019,00:32
923,238,25/02/2019,01:05
923,225,26/02/2019,00:17
923,225,27/02/2019,00:07
923,238,28/02/2019,01:50
923,225,01/03/2019,01:17
923,200,04/03/2019,00:35
923,200,05/03/2019,00:37
923,200,06/03/2019,00:17
923,213,07/03/2019,00:17
923,238,08/03/2019,01:12
923,238,11/03/2019,01:02
923,238,12/03/2019,01:15
923,238,13/03/2019,01:02
923,238,14/03/2019,00:40
923,238,15/03/2019,01:40
923,238,18/03/2019,01:37
923,238,19/03/2019,01:20
923,238,20/03/2019,01:05
923,238,21/03/2019,00:45
923,213,22/03/2019,00:32
923,238,26/03/2019,00:45
923,213,27/03/2019,00:35
923,213,28/03/2019,00:37
923,238,29/03/2019,01:47
923,225,01/04/2019,01:12
923,225,02/04/2019,01:10
923,213,03/04/2019,00:45
923,213,04/04/2019,00:40
923,238,05/04/2019,01:12
923,213,08/04/2019,00:40
923,238,09/04/2019,01:12
923,238,10/04/2019,01:02
923,238,11/04/2019,01:15
923,238,12/04/2019,01:02
923,238,15/04/2019,01:40
923,238,16/04/2019,01:37
923,213,17/04/2019,00:32
923,238,22/04/2019,01:02
923,238,23/04/2019,00:40
923,238,24/04/2019,01:05
923,238,25/04/2019,00:45
923,238,26/04/2019,01:05
923,238,29/04/2019,00:45
923,238,30/04/2019,01:45
923,238,02/05/2019,01:42
923,238,03/05/2019,01:42
923,238,06/05/2019,01:12
923,238,07/05/2019,01:02
923,238,08/05/2019,01:15
923,238,09/05/2019,01:02
923,238,10/05/2019,01:02
923,238,13/05/2019,00:40
923,238,14/05/2019,01:05
923,238,15/05/2019,01:45
923,238,16/05/2019,01:40
923,238,17/05/2019,01:35
923,238,20/05/2019,01:30
923,238,21/05/2019,01:02
923,238,22/05/2019,00:40
923,213,23/05/2019,00:35
923,213,24/05/2019,00:37
923,238,27/05/2019,00:45
923,225,28/05/2019,00:35
923,225,29/05/2019,00:37
923,225,30/05/2019,01:37
923,238,31/05/2019,01:42
923,225,04/06/2019,00:40
923,225,05/06/2019,01:12
923,213,06/06/2019,00:40
923,200,07/06/2019,00:17
923,200,10/06/2019,00:17
923,238,11/06/2019,01:02
923,238,12/06/2019,00:40
923,238,13/06/2019,01:05
923,238,14/06/2019,01:45
923,238,17/06/2019,01:40
923,238,18/06/2019,01:35
923,238,19/06/2019,01:30
923,238,20/06/2019,01:02
923,238,21/06/2019,00:40
923,238,25/06/2019,00:45
923,225,26/06/2019,00:35
923,213,27/06/2019,00:37
923,238,28/06/2019,01:40
923,225,02/07/2019,00:40
923,225,03/07/2019,01:12
923,213,04/07/2019,00:40
923,213,05/07/2019,00:17
923,200,08/07/2019,00:47
923,238,09/07/2019,01:02
923,238,10/07/2019,00:40
923,238,11/07/2019,01:05
923,238,12/07/2019,01:45
923,238,15/07/2019,01:40
923,238,16/07/2019,01:40
923,238,17/07/2019,01:35
923,238,18/07/2019,01:30
923,238,19/07/2019,01:02
923,238,22/07/2019,00:55
923,225,23/07/2019,00:35
923,213,24/07/2019,00:37
923,238,25/07/2019,00:47
923,225,26/07/2019,00:35
923,213,29/07/2019,00:37
923,200,30/07/2019,01:35
923,238,31/07/2019,01:37
923,225,01/08/2019,01:05
923,200,02/08/2019,01:12
923,213,05/08/2019,00:40
923,238,06/08/2019,01:12
923,238,08/08/2019,01:02
923,238,09/08/2019,01:15
923,238,12/08/2019,01:02
923,238,13/08/2019,01:02
923,238,14/08/2019,01:05
923,238,15/08/2019,01:37
923,238,16/08/2019,01:32
923,238,20/08/2019,01:15
923,238,21/08/2019,00:50
923,238,22/08/2019,01:10
923,238,23/08/2019,01:05
923,238,26/08/2019,01:02
923,238,27/08/2019,00:40
923,238,28/08/2019,00:45
923,238,29/08/2019,01:02
923,238,30/08/2019,01:52
923,238,02/09/2019,01:37
923,238,03/09/2019,01:32
923,238,04/09/2019,01:05
923,238,05/09/2019,00:57
923,238,06/09/2019,00:55
923,238,09/09/2019,01:15
923,238,10/09/2019,01:02
923,238,11/09/2019,01:02
923,238,12/09/2019,01:05
923,238,13/09/2019,01:52
923,238,16/09/2019,01:30
923,238,17/09/2019,01:32
923,238,18/09/2019,01:15
923,238,19/09/2019,01:07
923,238,20/09/2019,00:55
923,238,23/09/2019,00:42
923,238,24/09/2019,00:50
923,238,25/09/2019,00:57
923,238,26/09/2019,00:27
923,238,27/09/2019,00:52
923,238,30/09/2019,01:37
923,238,01/10/2019,01:37
923,238,02/10/2019,01:32
923,238,03/10/2019,01:05
923,238,04/10/2019,00:57
923,238,07/10/2019,00:55
923,238,08/10/2019,01:15
923,238,09/10/2019,01:02
923,238,10/10/2019,01:02
923,238,11/10/2019,01:05
923,238,15/10/2019,01:40
923,238,16/10/2019,00:47
923,238,17/10/2019,00:55
923,238,18/10/2019,01:12
923,238,21/10/2019,00:55
923,238,22/10/2019,00:42
923,225,23/10/2019,00:35
923,213,24/10/2019,00:37
923,238,25/10/2019,00:57
923,225,28/10/2019,00:22
923,213,29/10/2019,00:37
923,200,30/10/2019,01:37
923,238,31/10/2019,01:42
923,225,01/11/2019,01:42
923,225,05/11/2019,00:42
923,213,06/11/2019,00:47
923,200,07/11/2019,00:47
923,238,08/11/2019,01:15
923,238,12/11/2019,01:02
923,238,13/11/2019,01:02
923,238,14/11/2019,01:05
923,238,15/11/2019,01:40
63,195,01/11/2018,01:30
63,195,02/11/2018,00:45
63,180,06/11/2018,00:21
63,165,07/11/2018,00:09
63,165,08/11/2018,00:12
63,180,09/11/2018,00:30
63,183,13/11/2018,00:36
63,189,14/11/2018,01:21
63,189,15/11/2018,01:15
63,189,16/11/2018,02:18
63,192,19/11/2018,02:09
63,192,20/11/2018,02:09
63,180,21/11/2018,01:30
63,180,22/11/2018,01:15
63,180,23/11/2018,00:48
63,165,26/11/2018,00:30
63,162,27/11/2018,00:24
63,159,28/11/2018,00:42
63,159,29/11/2018,00:45
63,285,30/11/2018,02:15
63,270,03/12/2018,01:27
63,255,04/12/2018,00:42
63,240,05/12/2018,00:18
63,255,06/12/2018,00:06
63,240,07/12/2018,00:09
63,285,10/12/2018,02:09
63,285,11/12/2018,02:09
63,285,12/12/2018,01:30
63,285,13/12/2018,01:15
63,285,14/12/2018,00:48
63,285,17/12/2018,02:00
63,285,18/12/2018,01:57
63,285,19/12/2018,01:36
63,285,20/12/2018,01:18
63,285,21/12/2018,00:54
63,270,24/12/2018,00:30
63,255,26/12/2018,00:24
63,240,27/12/2018,00:42
63,285,28/12/2018,00:57
63,180,31/12/2018,02:09
63,120,02/01/2019,01:30
63,135,03/01/2019,00:45
63,141,04/01/2019,00:21
63,165,08/01/2019,00:21
63,165,09/01/2019,00:09
63,165,10/01/2019,00:12
63,165,11/01/2019,00:18
63,150,14/01/2019,00:30
63,240,15/01/2019,01:00
63,240,16/01/2019,00:36
63,225,17/01/2019,00:24
63,240,18/01/2019,01:57
63,204,21/01/2019,00:30
63,165,22/01/2019,00:27
63,165,23/01/2019,00:42
63,165,24/01/2019,00:30
63,240,25/01/2019,01:03
63,225,28/01/2019,00:30
63,225,29/01/2019,00:24
63,240,30/01/2019,00:42
63,240,31/01/2019,02:15
63,225,01/02/2019,01:30
63,240,04/02/2019,00:45
63,240,05/02/2019,00:21
63,240,06/02/2019,00:21
63,240,07/02/2019,00:09
63,255,08/02/2019,01:27
63,255,11/02/2019,01:15
63,255,12/02/2019,01:30
63,255,13/02/2019,01:15
63,255,14/02/2019,00:48
63,285,15/02/2019,02:00
63,285,18/02/2019,01:57
63,285,19/02/2019,01:36
63,270,20/02/2019,01:18
63,270,21/02/2019,00:54
63,210,22/02/2019,00:39
63,285,25/02/2019,01:18
63,270,26/02/2019,00:21
63,270,27/02/2019,00:09
63,285,28/02/2019,02:12
63,270,01/03/2019,01:33
63,240,04/03/2019,00:42
63,240,05/03/2019,00:45
63,240,06/03/2019,00:21
63,255,07/03/2019,00:21
63,285,08/03/2019,01:27
63,285,11/03/2019,01:15
63,285,12/03/2019,01:30
63,285,13/03/2019,01:15
63,285,14/03/2019,00:48
63,285,15/03/2019,02:00
63,285,18/03/2019,01:57
63,285,19/03/2019,01:36
63,285,20/03/2019,01:18
63,285,21/03/2019,00:54
63,255,22/03/2019,00:39
63,285,26/03/2019,00:54
63,255,27/03/2019,00:42
63,255,28/03/2019,00:45
63,285,29/03/2019,02:09
63,270,01/04/2019,01:27
63,270,02/04/2019,01:24
63,255,03/04/2019,00:54
63,255,04/04/2019,00:48
63,285,05/04/2019,01:27
63,255,08/04/2019,00:48
63,285,09/04/2019,01:27
63,285,10/04/2019,01:15
63,285,11/04/2019,01:30
63,285,12/04/2019,01:15
63,285,15/04/2019,02:00
63,285,16/04/2019,01:57
63,255,17/04/2019,00:39
63,285,22/04/2019,01:15
63,285,23/04/2019,00:48
63,285,24/04/2019,01:18
63,285,25/04/2019,00:54
63,285,26/04/2019,01:18
63,285,29/04/2019,00:54
63,285,30/04/2019,02:06
63,285,02/05/2019,02:03
63,285,03/05/2019,02:03
63,285,06/05/2019,01:27
63,285,07/05/2019,01:15
63,285,08/05/2019,01:30
63,285,09/05/2019,01:15
63,285,10/05/2019,01:15
63,285,13/05/2019,00:48
63,285,14/05/2019,01:18
63,285,15/05/2019,02:06
63,285,16/05/2019,02:00
63,285,17/05/2019,01:54
63,285,20/05/2019,01:48
63,285,21/05/2019,01:15
63,285,22/05/2019,00:48
63,255,23/05/2019,00:42
63,255,24/05/2019,00:45
63,285,27/05/2019,00:54
63,270,28/05/2019,00:42
63,270,29/05/2019,00:45
63,270,30/05/2019,01:57
63,285,31/05/2019,02:03
63,270,04/06/2019,00:48
63,270,05/06/2019,01:27
63,255,06/06/2019,00:48
63,240,07/06/2019,00:21
63,240,10/06/2019,00:21
63,285,11/06/2019,01:15
63,285,12/06/2019,00:48
63,285,13/06/2019,01:18
63,285,14/06/2019,02:06
63,285,17/06/2019,02:00
63,285,18/06/2019,01:54
63,285,19/06/2019,01:48
63,285,20/06/2019,01:15
63,285,21/06/2019,00:48
63,285,25/06/2019,00:54
63,270,26/06/2019,00:42
63,255,27/06/2019,00:45
63,285,28/06/2019,02:00
63,270,02/07/2019,00:48
63,270,03/07/2019,01:27
63,255,04/07/2019,00:48
63,255,05/07/2019,00:21
63,240,08/07/2019,00:57
63,285,09/07/2019,01:15
63,285,10/07/2019,00:48
63,285,11/07/2019,01:18
63,285,12/07/2019,02:06
63,285,15/07/2019,02:00
63,285,16/07/2019,02:00
63,285,17/07/2019,01:54
63,285,18/07/2019,01:48
63,285,19/07/2019,01:15
63,285,22/07/2019,01:06
63,270,23/07/2019,00:42
63,255,24/07/2019,00:45
63,285,25/07/2019,00:57
63,270,26/07/2019,00:42
63,255,29/07/2019,00:45
63,240,30/07/2019,01:54
63,285,31/07/2019,01:57
63,270,01/08/2019,01:18
63,240,02/08/2019,01:27
63,255,05/08/2019,00:48
63,285,06/08/2019,01:27
63,285,08/08/2019,01:15
63,285,09/08/2019,01:30
63,285,12/08/2019,01:15
63,285,13/08/2019,01:15
63,285,14/08/2019,01:18
63,285,15/08/2019,01:57
63,285,16/08/2019,01:51
63,285,20/08/2019,01:30
63,285,21/08/2019,01:00
63,285,22/08/2019,01:24
63,285,23/08/2019,01:18
63,285,26/08/2019,01:15
63,285,27/08/2019,00:48
63,285,28/08/2019,00:54
63,285,29/08/2019,01:15
63,285,30/08/2019,02:15
63,285,02/09/2019,01:57
63,285,03/09/2019,01:51
63,285,04/09/2019,01:18
63,285,05/09/2019,01:09
63,285,06/09/2019,01:06
63,285,09/09/2019,01:30
63,285,10/09/2019,01:15
63,285,11/09/2019,01:15
63,285,12/09/2019,01:18
63,285,13/09/2019,02:15
63,285,16/09/2019,01:48
63,285,17/09/2019,01:51
63,285,18/09/2019,01:30
63,285,19/09/2019,01:21
63,285,20/09/2019,01:06
63,285,23/09/2019,00:51
63,285,24/09/2019,01:00
63,285,25/09/2019,01:09
63,285,26/09/2019,00:33
63,285,27/09/2019,01:03
63,285,30/09/2019,01:57
63,285,01/10/2019,01:57
63,285,02/10/2019,01:51
63,285,03/10/2019,01:18
63,285,04/10/2019,01:09
63,285,07/10/2019,01:06
63,285,08/10/2019,01:30
63,285,09/10/2019,01:15
63,285,10/10/2019,01:15
63,285,11/10/2019,01:18
63,285,15/10/2019,02:00
63,285,16/10/2019,00:57
63,285,17/10/2019,01:06
63,285,18/10/2019,01:27
63,285,21/10/2019,01:06
63,285,22/10/2019,00:51
63,270,23/10/2019,00:42
63,255,24/10/2019,00:45
63,285,25/10/2019,01:09
63,270,28/10/2019,00:27
63,255,29/10/2019,00:45
63,240,30/10/2019,01:57
63,285,31/10/2019,02:03
63,270,01/11/2019,02:03
63,270,05/11/2019,00:51
63,255,06/11/2019,00:57
63,240,07/11/2019,00:57
63,285,08/11/2019,01:30
63,285,12/11/2019,01:15
63,285,13/11/2019,01:15
63,285,14/11/2019,01:18
63,285,15/11/2019,02:00
66,260,01/11/2018,02:00
66,260,02/11/2018,01:00
66,240,06/11/2018,00:28
66,220,07/11/2018,00:12
66,220,08/11/2018,00:16
66,240,09/11/2018,00:40
66,244,13/11/2018,00:48
66,252,14/11/2018,01:48
66,252,15/11/2018,01:40
66,252,16/11/2018,03:04
66,256,19/11/2018,02:52
66,256,20/11/2018,02:52
66,240,21/11/2018,02:00
66,240,22/11/2018,01:40
66,240,23/11/2018,01:04
66,220,26/11/2018,00:40
66,216,27/11/2018,00:32
66,212,28/11/2018,00:56
66,212,29/11/2018,01:00
66,380,30/11/2018,03:00
66,360,03/12/2018,01:56
66,340,04/12/2018,00:56
66,320,05/12/2018,00:24
66,340,06/12/2018,00:08
66,320,07/12/2018,00:12
66,380,10/12/2018,02:52
66,380,11/12/2018,02:52
66,380,12/12/2018,02:00
66,380,13/12/2018,01:40
66,380,14/12/2018,01:04
66,380,17/12/2018,02:40
66,380,18/12/2018,02:36
66,380,19/12/2018,02:08
66,380,20/12/2018,01:44
66,380,21/12/2018,01:12
66,360,24/12/2018,00:40
66,340,26/12/2018,00:32
66,320,27/12/2018,00:56
66,380,28/12/2018,01:16
66,240,31/12/2018,02:52
66,160,02/01/2019,02:00
66,180,03/01/2019,01:00
66,188,04/01/2019,00:28
66,220,08/01/2019,00:28
66,220,09/01/2019,00:12
66,220,10/01/2019,00:16
66,220,11/01/2019,00:24
66,200,14/01/2019,00:40
66,320,15/01/2019,01:20
66,320,16/01/2019,00:48
66,300,17/01/2019,00:32
66,320,18/01/2019,02:36
66,272,21/01/2019,00:40
66,220,22/01/2019,00:36
66,220,23/01/2019,00:56
66,220,24/01/2019,00:40
66,320,25/01/2019,01:24
66,300,28/01/2019,00:40
66,300,29/01/2019,00:32
66,320,30/01/2019,00:56
66,320,31/01/2019,03:00
66,300,01/02/2019,02:00
66,320,04/02/2019,01:00
66,320,05/02/2019,00:28
66,320,06/02/2019,00:28
66,320,07/02/2019,00:12
66,340,08/02/2019,01:56
66,340,11/02/2019,01:40
66,340,12/02/2019,02:00
66,340,13/02/2019,01:40
66,340,14/02/2019,01:04
66,380,15/02/2019,02:40
66,380,18/02/2019,02:36
66,380,19/02/2019,02:08
66,360,20/02/2019,01:44
66,360,21/02/2019,01:12
66,280,22/02/2019,00:52
66,380,25/02/2019,01:44
66,360,26/02/2019,00:28
66,360,27/02/2019,00:12
66,380,28/02/2019,02:56
66,360,01/03/2019,02:04
66,320,04/03/2019,00:56
66,320,05/03/2019,01:00
66,320,06/03/2019,00:28
66,340,07/03/2019,00:28
66,380,08/03/2019,01:56
66,380,11/03/2019,01:40
66,380,12/03/2019,02:00
66,380,13/03/2019,01:40
66,380,14/03/2019,01:04
66,380,15/03/2019,02:40
66,380,18/03/2019,02:36
66,380,19/03/2019,02:08
66,380,20/03/2019,01:44
66,380,21/03/2019,01:12
66,340,22/03/2019,00:52
66,380,26/03/2019,01:12
66,340,27/03/2019,00:56
66,340,28/03/2019,01:00
66,380,29/03/2019,02:52
66,360,01/04/2019,01:56
66,360,02/04/2019,01:52
66,340,03/04/2019,01:12
66,340,04/04/2019,01:04
66,380,05/04/2019,01:56
66,340,08/04/2019,01:04
66,380,09/04/2019,01:56
66,380,10/04/2019,01:40
66,380,11/04/2019,02:00
66,380,12/04/2019,01:40
66,380,15/04/2019,02:40
66,380,16/04/2019,02:36
66,340,17/04/2019,00:52
66,380,22/04/2019,01:40
66,380,23/04/2019,01:04
66,380,24/04/2019,01:44
66,380,25/04/2019,01:12
66,380,26/04/2019,01:44
66,380,29/04/2019,01:12
66,380,30/04/2019,02:48
66,380,02/05/2019,02:44
66,380,03/05/2019,02:44
66,380,06/05/2019,01:56
66,380,07/05/2019,01:40
66,380,08/05/2019,02:00
66,380,09/05/2019,01:40
66,380,10/05/2019,01:40
66,380,13/05/2019,01:04
66,380,14/05/2019,01:44
66,380,15/05/2019,02:48
66,380,16/05/2019,02:40
66,380,17/05/2019,02:32
66,380,20/05/2019,02:24
66,380,21/05/2019,01:40
66,380,22/05/2019,01:04
66,340,23/05/2019,00:56
66,340,24/05/2019,01:00
66,380,27/05/2019,01:12
66,360,28/05/2019,00:56
66,360,29/05/2019,01:00
66,360,30/05/2019,02:36
66,380,31/05/2019,02:44
66,360,04/06/2019,01:04
66,360,05/06/2019,01:56
66,340,06/06/2019,01:04
66,320,07/06/2019,00:28
66,320,10/06/2019,00:28
66,380,11/06/2019,01:40
66,380,12/06/2019,01:04
66,380,13/06/2019,01:44
66,380,14/06/2019,02:48
66,380,17/06/2019,02:40
66,380,18/06/2019,02:32
66,380,19/06/2019,02:24
66,380,20/06/2019,01:40
66,380,21/06/2019,01:04
66,380,25/06/2019,01:12
66,360,26/06/2019,00:56
66,340,27/06/2019,01:00
66,380,28/06/2019,02:40
66,360,02/07/2019,01:04
66,360,03/07/2019,01:56
66,340,04/07/2019,01:04
66,340,05/07/2019,00:28
66,320,08/07/2019,01:16
66,380,09/07/2019,01:40
66,380,10/07/2019,01:04
66,380,11/07/2019,01:44
66,380,12/07/2019,02:48
66,380,15/07/2019,02:40
66,380,16/07/2019,02:40
66,380,17/07/2019,02:32
66,380,18/07/2019,02:24
66,380,19/07/2019,01:40
66,380,22/07/2019,01:28
66,360,23/07/2019,00:56
66,340,24/07/2019,01:00
66,380,25/07/2019,01:16
66,360,26/07/2019,00:56
66,340,29/07/2019,01:00
66,320,30/07/2019,02:32
66,380,31/07/2019,02:36
66,360,01/08/2019,01:44
66,320,02/08/2019,01:56
66,340,05/08/2019,01:04
66,380,06/08/2019,01:56
66,380,08/08/2019,01:40
66,380,09/08/2019,02:00
66,380,12/08/2019,01:40
66,380,13/08/2019,01:40
66,380,14/08/2019,01:44
66,380,15/08/2019,02:36
66,380,16/08/2019,02:28
66,380,20/08/2019,02:00
66,380,21/08/2019,01:20
66,380,22/08/2019,01:52
66,380,23/08/2019,01:44
66,380,26/08/2019,01:40
66,380,27/08/2019,01:04
66,380,28/08/2019,01:12
66,380,29/08/2019,01:40
66,380,30/08/2019,03:00
66,380,02/09/2019,02:36
66,380,03/09/2019,02:28
66,380,04/09/2019,01:44
66,380,05/09/2019,01:32
66,380,06/09/2019,01:28
66,380,09/09/2019,02:00
66,380,10/09/2019,01:40
66,380,11/09/2019,01:40
66,380,12/09/2019,01:44
66,380,13/09/2019,03:00
66,380,16/09/2019,02:24
66,380,17/09/2019,02:28
66,380,18/09/2019,02:00
66,380,19/09/2019,01:48
66,380,20/09/2019,01:28
66,380,23/09/2019,01:08
66,380,24/09/2019,01:20
66,380,25/09/2019,01:32
66,380,26/09/2019,00:44
66,380,27/09/2019,01:24
66,380,30/09/2019,02:36
66,380,01/10/2019,02:36
66,380,02/10/2019,02:28
66,380,03/10/2019,01:44
66,380,04/10/2019,01:32
66,380,07/10/2019,01:28
66,380,08/10/2019,02:00
66,380,09/10/2019,01:40
66,380,10/10/2019,01:40
66,380,11/10/2019,01:44
66,380,15/10/2019,02:40
66,380,16/10/2019,01:16
66,380,17/10/2019,01:28
66,380,18/10/2019,01:56
66,380,21/10/2019,01:28
66,380,22/10/2019,01:08
66,360,23/10/2019,00:56
66,340,24/10/2019,01:00
66,380,25/10/2019,01:32
66,360,28/10/2019,00:36
66,340,29/10/2019,01:00
66,320,30/10/2019,02:36
66,380,31/10/2019,02:44
66,360,01/11/2019,02:44
66,360,05/11/2019,01:08
66,340,06/11/2019,01:16
66,320,07/11/2019,01:16
66,380,08/11/2019,02:00
66,380,12/11/2019,01:40
66,380,13/11/2019,01:40
66,380,14/11/2019,01:44
66,380,15/11/2019,02:40
48,293,01/11/2018,02:15
48,293,02/11/2018,01:07
48,270,06/11/2018,00:31
48,248,07/11/2018,00:13
48,248,08/11/2018,00:18
48,270,09/11/2018,00:45
48,275,13/11/2018,00:54
48,284,14/11/2018,02:01
48,284,15/11/2018,01:52
48,284,16/11/2018,03:27
48,288,19/11/2018,03:13
48,288,20/11/2018,03:13
48,270,21/11/2018,02:15
48,270,22/11/2018,01:52
48,270,23/11/2018,01:12
48,248,26/11/2018,00:45
48,243,27/11/2018,00:36
48,239,28/11/2018,01:03
48,239,29/11/2018,01:07
48,428,30/11/2018,03:22
48,405,03/12/2018,02:10
48,383,04/12/2018,01:03
48,360,05/12/2018,00:27
48,383,06/12/2018,00:09
48,360,07/12/2018,00:13
48,428,10/12/2018,03:13
48,428,11/12/2018,03:13
48,428,12/12/2018,02:15
48,428,13/12/2018,01:52
48,428,14/12/2018,01:12
48,428,17/12/2018,03:00
48,428,18/12/2018,02:55
48,428,19/12/2018,02:24
48,428,20/12/2018,01:57
48,428,21/12/2018,01:21
48,405,24/12/2018,00:45
48,383,26/12/2018,00:36
48,360,27/12/2018,01:03
48,428,28/12/2018,01:25
48,270,31/12/2018,03:13
48,180,02/01/2019,02:15
48,203,03/01/2019,01:07
48,212,04/01/2019,00:31
48,248,08/01/2019,00:31
48,248,09/01/2019,00:13
48,248,10/01/2019,00:18
48,248,11/01/2019,00:27
48,225,14/01/2019,00:45
48,360,15/01/2019,01:30
48,360,16/01/2019,00:54
48,338,17/01/2019,00:36
48,360,18/01/2019,02:55
48,306,21/01/2019,00:45
48,248,22/01/2019,00:40
48,248,23/01/2019,01:03
48,248,24/01/2019,00:45
48,360,25/01/2019,01:34
48,338,28/01/2019,00:45
48,338,29/01/2019,00:36
48,360,30/01/2019,01:03
48,360,31/01/2019,03:22
48,338,01/02/2019,02:15
48,360,04/02/2019,01:07
48,360,05/02/2019,00:31
48,360,06/02/2019,00:31
48,360,07/02/2019,00:13
48,383,08/02/2019,02:10
48,383,11/02/2019,01:52
48,383,12/02/2019,02:15
48,383,13/02/2019,01:52
48,383,14/02/2019,01:12
48,428,15/02/2019,03:00
48,428,18/02/2019,02:55
48,428,19/02/2019,02:24
48,405,20/02/2019,01:57
48,405,21/02/2019,01:21
48,315,22/02/2019,00:58
48,428,25/02/2019,01:57
48,405,26/02/2019,00:31
48,405,27/02/2019,00:13
48,428,28/02/2019,03:18
48,405,01/03/2019,02:19
48,360,04/03/2019,01:03
48,360,05/03/2019,01:07
48,360,06/03/2019,00:31
48,383,07/03/2019,00:31
48,428,08/03/2019,02:10
48,428,11/03/2019,01:52
48,428,12/03/2019,02:15
48,428,13/03/2019,01:52
48,428,14/03/2019,01:12
48,428,15/03/2019,03:00
48,428,18/03/2019,02:55
48,428,19/03/2019,02:24
48,428,20/03/2019,01:57
48,428,21/03/2019,01:21
48,383,22/03/2019,00:58
48,428,26/03/2019,01:21
48,383,27/03/2019,01:03
48,383,28/03/2019,01:07
48,428,29/03/2019,03:13
48,405,01/04/2019,02:10
48,405,02/04/2019,02:06
48,383,03/04/2019,01:21
48,383,04/04/2019,01:12
48,428,05/04/2019,02:10
48,383,08/04/2019,01:12
48,428,09/04/2019,02:10
48,428,10/04/2019,01:52
48,428,11/04/2019,02:15
48,428,12/04/2019,01:52
48,428,15/04/2019,03:00
48,428,16/04/2019,02:55
48,383,17/04/2019,00:58
48,428,22/04/2019,01:52
48,428,23/04/2019,01:12
48,428,24/04/2019,01:57
48,428,25/04/2019,01:21
48,428,26/04/2019,01:57
48,428,29/04/2019,01:21
48,428,30/04/2019,03:09
48,428,02/05/2019,03:04
48,428,03/05/2019,03:04
48,428,06/05/2019,02:10
48,428,07/05/2019,01:52
48,428,08/05/2019,02:15
48,428,09/05/2019,01:52
48,428,10/05/2019,01:52
48,428,13/05/2019,01:12
48,428,14/05/2019,01:57
48,428,15/05/2019,03:09
48,428,16/05/2019,03:00
48,428,17/05/2019,02:51
48,428,20/05/2019,02:42
48,428,21/05/2019,01:52
48,428,22/05/2019,01:12
48,383,23/05/2019,01:03
48,383,24/05/2019,01:07
48,428,27/05/2019,01:21
48,405,28/05/2019,01:03
48,405,29/05/2019,01:07
48,405,30/05/2019,02:55
48,428,31/05/2019,03:04
48,405,04/06/2019,01:12
48,405,05/06/2019,02:10
48,383,06/06/2019,01:12
48,360,07/06/2019,00:31
48,360,10/06/2019,00:31
48,428,11/06/2019,01:52
48,428,12/06/2019,01:12
48,428,13/06/2019,01:57
48,428,14/06/2019,03:09
48,428,17/06/2019,03:00
48,428,18/06/2019,02:51
48,428,19/06/2019,02:42
48,428,20/06/2019,01:52
48,428,21/06/2019,01:12
48,428,25/06/2019,01:21
48,405,26/06/2019,01:03
48,383,27/06/2019,01:07
48,428,28/06/2019,03:00
48,405,02/07/2019,01:12
48,405,03/07/2019,02:10
48,383,04/07/2019,01:12
48,383,05/07/2019,00:31
48,360,08/07/2019,01:25
48,428,09/07/2019,01:52
48,428,10/07/2019,01:12
48,428,11/07/2019,01:57
48,428,12/07/2019,03:09
48,428,15/07/2019,03:00
48,428,16/07/2019,03:00
48,428,17/07/2019,02:51
48,428,18/07/2019,02:42
48,428,19/07/2019,01:52
48,428,22/07/2019,01:39
48,405,23/07/2019,01:03
48,383,24/07/2019,01:07
48,428,25/07/2019,01:25
48,405,26/07/2019,01:03
48,383,29/07/2019,01:07
48,360,30/07/2019,02:51
48,428,31/07/2019,02:55
48,405,01/08/2019,01:57
48,360,02/08/2019,02:10
48,383,05/08/2019,01:12
48,428,06/08/2019,02:10
48,428,08/08/2019,01:52
48,428,09/08/2019,02:15
48,428,12/08/2019,01:52
48,428,13/08/2019,01:52
48,428,14/08/2019,01:57
48,428,15/08/2019,02:55
48,428,16/08/2019,02:46
48,428,20/08/2019,02:15
48,428,21/08/2019,01:30
48,428,22/08/2019,02:06
48,428,23/08/2019,01:57
48,428,26/08/2019,01:52
48,428,27/08/2019,01:12
48,428,28/08/2019,01:21
48,428,29/08/2019,01:52
48,428,30/08/2019,03:22
48,428,02/09/2019,02:55
48,428,03/09/2019,02:46
48,428,04/09/2019,01:57
48,428,05/09/2019,01:43
48,428,06/09/2019,01:39
48,428,09/09/2019,02:15
48,428,10/09/2019,01:52
48,428,11/09/2019,01:52
48,428,12/09/2019,01:57
48,428,13/09/2019,03:22
48,428,16/09/2019,02:42
48,428,17/09/2019,02:46
48,428,18/09/2019,02:15
48,428,19/09/2019,02:01
48,428,20/09/2019,01:39
48,428,23/09/2019,01:16
48,428,24/09/2019,01:30
48,428,25/09/2019,01:43
48,428,26/09/2019,00:49
48,428,27/09/2019,01:34
48,428,30/09/2019,02:55
48,428,01/10/2019,02:55
48,428,02/10/2019,02:46
48,428,03/10/2019,01:57
48,428,04/10/2019,01:43
48,428,07/10/2019,01:39
48,428,08/10/2019,02:15
48,428,09/10/2019,01:52
48,428,10/10/2019,01:52
48,428,11/10/2019,01:57
48,428,15/10/2019,03:00
48,428,16/10/2019,01:25
48,428,17/10/2019,01:39
48,428,18/10/2019,02:10
48,428,21/10/2019,01:39
48,428,22/10/2019,01:16
48,405,23/10/2019,01:03
48,383,24/10/2019,01:07
48,428,25/10/2019,01:43
48,405,28/10/2019,00:40
48,383,29/10/2019,01:07
48,360,30/10/2019,02:55
48,428,31/10/2019,03:04
48,405,01/11/2019,03:04
48,405,05/11/2019,01:16
48,383,06/11/2019,01:25
48,360,07/11/2019,01:25
48,428,08/11/2019,02:15
48,428,12/11/2019,01:52
48,428,13/11/2019,01:52
48,428,14/11/2019,01:57
48,428,15/11/2019,03:00
79,130,01/11/2018,01:00
79,130,02/11/2018,00:30
79,120,06/11/2018,00:14
79,110,07/11/2018,00:06
79,110,08/11/2018,00:08
79,120,09/11/2018,00:20
79,122,13/11/2018,00:24
79,126,14/11/2018,00:54
79,126,15/11/2018,00:50
79,126,16/11/2018,01:32
79,128,19/11/2018,01:26
79,128,20/11/2018,01:26
79,120,21/11/2018,01:00
79,120,22/11/2018,00:50
79,120,23/11/2018,00:32
79,110,26/11/2018,00:20
79,108,27/11/2018,00:16
79,106,28/11/2018,00:28
79,106,29/11/2018,00:30
79,190,30/11/2018,01:30
79,180,03/12/2018,00:58
79,170,04/12/2018,00:28
79,160,05/12/2018,00:12
79,170,06/12/2018,00:04
79,160,07/12/2018,00:06
79,190,10/12/2018,01:26
79,190,11/12/2018,01:26
79,190,12/12/2018,01:00
79,190,13/12/2018,00:50
79,190,14/12/2018,00:32
79,190,17/12/2018,01:20
79,190,18/12/2018,01:18
79,190,19/12/2018,01:04
79,190,20/12/2018,00:52
79,190,21/12/2018,00:36
79,180,24/12/2018,00:20
79,170,26/12/2018,00:16
79,160,27/12/2018,00:28
79,190,28/12/2018,00:38
79,120,31/12/2018,01:26
79,80,02/01/2019,01:00
79,90,03/01/2019,00:30
79,94,04/01/2019,00:14
79,110,08/01/2019,00:14
79,110,09/01/2019,00:06
79,110,10/01/2019,00:08
79,110,11/01/2019,00:12
79,100,14/01/2019,00:20
79,160,15/01/2019,00:40
79,160,16/01/2019,00:24
79,150,17/01/2019,00:16
79,160,18/01/2019,01:18
79,136,21/01/2019,00:20
79,110,22/01/2019,00:18
79,110,23/01/2019,00:28
79,110,24/01/2019,00:20
79,160,25/01/2019,00:42
79,150,28/01/2019,00:20
79,150,29/01/2019,00:16
79,160,30/01/2019,00:28
79,160,31/01/2019,01:30
79,150,01/02/2019,01:00
79,160,04/02/2019,00:30
79,160,05/02/2019,00:14
79,160,06/02/2019,00:14
79,160,07/02/2019,00:06
79,170,08/02/2019,00:58
79,170,11/02/2019,00:50
79,170,12/02/2019,01:00
79,170,13/02/2019,00:50
79,170,14/02/2019,00:32
79,190,15/02/2019,01:20
79,190,18/02/2019,01:18
79,190,19/02/2019,01:04
79,180,20/02/2019,00:52
79,180,21/02/2019,00:36
79,140,22/02/2019,00:26
79,190,25/02/2019,00:52
79,180,26/02/2019,00:14
79,180,27/02/2019,00:06
79,190,28/02/2019,01:28
79,180,01/03/2019,01:02
79,160,04/03/2019,00:28
79,160,05/03/2019,00:30
79,160,06/03/2019,00:14
79,170,07/03/2019,00:14
79,190,08/03/2019,00:58
79,190,11/03/2019,00:50
79,190,12/03/2019,01:00
79,190,13/03/2019,00:50
79,190,14/03/2019,00:32
79,190,15/03/2019,01:20
79,190,18/03/2019,01:18
79,190,19/03/2019,01:04
79,190,20/03/2019,00:52
79,190,21/03/2019,00:36
79,170,22/03/2019,00:26
79,190,26/03/2019,00:36
79,170,27/03/2019,00:28
79,170,28/03/2019,00:30
79,190,29/03/2019,01:26
79,180,01/04/2019,00:58
79,180,02/04/2019,00:56
79,170,03/04/2019,00:36
79,170,04/04/2019,00:32
79,190,05/04/2019,00:58
79,170,08/04/2019,00:32
79,190,09/04/2019,00:58
79,190,10/04/2019,00:50
79,190,11/04/2019,01:00
79,190,12/04/2019,00:50
79,190,15/04/2019,01:20
79,190,16/04/2019,01:18
79,170,17/04/2019,00:26
79,190,22/04/2019,00:50
79,190,23/04/2019,00:32
79,190,24/04/2019,00:52
79,190,25/04/2019,00:36
79,190,26/04/2019,00:52
79,190,29/04/2019,00:36
79,190,30/04/2019,01:24
79,190,02/05/2019,01:22
79,190,03/05/2019,01:22
79,190,06/05/2019,00:58
79,190,07/05/2019,00:50
79,190,08/05/2019,01:00
79,190,09/05/2019,00:50
79,190,10/05/2019,00:50
79,190,13/05/2019,00:32
79,190,14/05/2019,00:52
79,190,15/05/2019,01:24
79,190,16/05/2019,01:20
79,190,17/05/2019,01:16
79,190,20/05/2019,01:12
79,190,21/05/2019,00:50
79,190,22/05/2019,00:32
79,170,23/05/2019,00:28
79,170,24/05/2019,00:30
79,190,27/05/2019,00:36
79,180,28/05/2019,00:28
79,180,29/05/2019,00:30
79,180,30/05/2019,01:18
79,190,31/05/2019,01:22
79,180,04/06/2019,00:32
79,180,05/06/2019,00:58
79,170,06/06/2019,00:32
79,160,07/06/2019,00:14
79,160,10/06/2019,00:14
79,190,11/06/2019,00:50
79,190,12/06/2019,00:32
79,190,13/06/2019,00:52
79,190,14/06/2019,01:24
79,190,17/06/2019,01:20
79,190,18/06/2019,01:16
79,190,19/06/2019,01:12
79,190,20/06/2019,00:50
79,190,21/06/2019,00:32
79,190,25/06/2019,00:36
79,180,26/06/2019,00:28
79,170,27/06/2019,00:30
79,190,28/06/2019,01:20
79,180,02/07/2019,00:32
79,180,03/07/2019,00:58
79,170,04/07/2019,00:32
79,170,05/07/2019,00:14
79,160,08/07/2019,00:38
79,190,09/07/2019,00:50
79,190,10/07/2019,00:32
79,190,11/07/2019,00:52
79,190,12/07/2019,01:24
79,190,15/07/2019,01:20
79,190,16/07/2019,01:20
79,190,17/07/2019,01:16
79,190,18/07/2019,01:12
79,190,19/07/2019,00:50
79,190,22/07/2019,00:44
79,180,23/07/2019,00:28
79,170,24/07/2019,00:30
79,190,25/07/2019,00:38
79,180,26/07/2019,00:28
79,170,29/07/2019,00:30
79,160,30/07/2019,01:16
79,190,31/07/2019,01:18
79,180,01/08/2019,00:52
79,160,02/08/2019,00:58
79,170,05/08/2019,00:32
79,190,06/08/2019,00:58
79,190,08/08/2019,00:50
79,190,09/08/2019,01:00
79,190,12/08/2019,00:50
79,190,13/08/2019,00:50
79,190,14/08/2019,00:52
79,190,15/08/2019,01:18
79,190,16/08/2019,01:14
79,190,20/08/2019,01:00
79,190,21/08/2019,00:40
79,190,22/08/2019,00:56
79,190,23/08/2019,00:52
79,190,26/08/2019,00:50
79,190,27/08/2019,00:32
79,190,28/08/2019,00:36
79,190,29/08/2019,00:50
79,190,30/08/2019,01:30
79,190,02/09/2019,01:18
79,190,03/09/2019,01:14
79,190,04/09/2019,00:52
79,190,05/09/2019,00:46
79,190,06/09/2019,00:44
79,190,09/09/2019,01:00
79,190,10/09/2019,00:50
79,190,11/09/2019,00:50
79,190,12/09/2019,00:52
79,190,13/09/2019,01:30
79,190,16/09/2019,01:12
79,190,17/09/2019,01:14
79,190,18/09/2019,01:00
79,190,19/09/2019,00:54
79,190,20/09/2019,00:44
79,190,23/09/2019,00:34
79,190,24/09/2019,00:40
79,190,25/09/2019,00:46
79,190,26/09/2019,00:22
79,190,27/09/2019,00:42
79,190,30/09/2019,01:18
79,190,01/10/2019,01:18
79,190,02/10/2019,01:14
79,190,03/10/2019,00:52
79,190,04/10/2019,00:46
79,190,07/10/2019,00:44
79,190,08/10/2019,01:00
79,190,09/10/2019,00:50
79,190,10/10/2019,00:50
79,190,11/10/2019,00:52
79,190,15/10/2019,01:20
79,190,16/10/2019,00:38
79,190,17/10/2019,00:44
79,190,18/10/2019,00:58
79,190,21/10/2019,00:44
79,190,22/10/2019,00:34
79,180,23/10/2019,00:28
79,170,24/10/2019,00:30
79,190,25/10/2019,00:46
79,180,28/10/2019,00:18
79,170,29/10/2019,00:30
79,160,30/10/2019,01:18
79,190,31/10/2019,01:22
79,180,01/11/2019,01:22
79,180,05/11/2019,00:34
79,170,06/11/2019,00:38
79,160,07/11/2019,00:38
79,190,08/11/2019,01:00
79,190,12/11/2019,00:50
79,190,13/11/2019,00:50
79,190,14/11/2019,00:52
79,190,15/11/2019,01:20
12,228,01/11/2018,01:45
12,228,02/11/2018,00:52
12,210,06/11/2018,00:24
12,193,07/11/2018,00:10
12,193,08/11/2018,00:14
12,210,09/11/2018,00:35
12,214,13/11/2018,00:42
12,221,14/11/2018,01:34
12,221,15/11/2018,01:27
12,221,16/11/2018,02:41
12,224,19/11/2018,02:30
12,224,20/11/2018,02:30
12,210,21/11/2018,01:45
12,210,22/11/2018,01:27
12,210,23/11/2018,00:56
12,193,26/11/2018,00:35
12,189,27/11/2018,00:28
12,186,28/11/2018,00:49
12,186,29/11/2018,00:52
12,333,30/11/2018,02:37
12,315,03/12/2018,01:41
12,298,04/12/2018,00:49
12,280,05/12/2018,00:21
12,298,06/12/2018,00:07
12,280,07/12/2018,00:10
12,333,10/12/2018,02:30
12,333,11/12/2018,02:30
12,333,12/12/2018,01:45
12,333,13/12/2018,01:27
12,333,14/12/2018,00:56
12,333,17/12/2018,02:20
12,333,18/12/2018,02:16
12,333,19/12/2018,01:52
12,333,20/12/2018,01:31
12,333,21/12/2018,01:03
12,315,24/12/2018,00:35
12,298,26/12/2018,00:28
12,280,27/12/2018,00:49
12,333,28/12/2018,01:06
12,210,31/12/2018,02:30
12,140,02/01/2019,01:45
12,158,03/01/2019,00:52
12,165,04/01/2019,00:24
12,193,08/01/2019,00:24
12,193,09/01/2019,00:10
12,193,10/01/2019,00:14
12,193,11/01/2019,00:21
12,175,14/01/2019,00:35
12,280,15/01/2019,01:10
12,280,16/01/2019,00:42
12,263,17/01/2019,00:28
12,280,18/01/2019,02:16
12,238,21/01/2019,00:35
12,193,22/01/2019,00:31
12,193,23/01/2019,00:49
12,193,24/01/2019,00:35
12,280,25/01/2019,01:13
12,263,28/01/2019,00:35
12,263,29/01/2019,00:28
12,280,30/01/2019,00:49
12,280,31/01/2019,02:37
12,263,01/02/2019,01:45
12,280,04/02/2019,00:52
12,280,05/02/2019,00:24
12,280,06/02/2019,00:24
12,280,07/02/2019,00:10
12,298,08/02/2019,01:41
12,298,11/02/2019,01:27
12,298,12/02/2019,01:45
12,298,13/02/2019,01:27
12,298,14/02/2019,00:56
12,333,15/02/2019,02:20
12,333,18/02/2019,02:16
12,333,19/02/2019,01:52
12,315,20/02/2019,01:31
12,315,21/02/2019,01:03
12,245,22/02/2019,00:45
12,333,25/02/2019,01:31
12,315,26/02/2019,00:24
12,315,27/02/2019,00:10
12,333,28/02/2019,02:34
12,315,01/03/2019,01:48
12,280,04/03/2019,00:49
12,280,05/03/2019,00:52
12,280,06/03/2019,00:24
12,298,07/03/2019,00:24
12,333,08/03/2019,01:41
12,333,11/03/2019,01:27
12,333,12/03/2019,01:45
12,333,13/03/2019,01:27
12,333,14/03/2019,00:56
12,333,15/03/2019,02:20
12,333,18/03/2019,02:16
12,333,19/03/2019,01:52
12,333,20/03/2019,01:31
12,333,21/03/2019,01:03
12,298,22/03/2019,00:45
12,333,26/03/2019,01:03
12,298,27/03/2019,00:49
12,298,28/03/2019,00:52
12,333,29/03/2019,02:30
12,315,01/04/2019,01:41
12,315,02/04/2019,01:38
12,298,03/04/2019,01:03
12,298,04/04/2019,00:56
12,333,05/04/2019,01:41
12,298,08/04/2019,00:56
12,333,09/04/2019,01:41
12,333,10/04/2019,01:27
12,333,11/04/2019,01:45
12,333,12/04/2019,01:27
12,333,15/04/2019,02:20
12,333,16/04/2019,02:16
12,298,17/04/2019,00:45
12,333,22/04/2019,01:27
12,333,23/04/2019,00:56
12,333,24/04/2019,01:31
12,333,25/04/2019,01:03
12,333,26/04/2019,01:31
12,333,29/04/2019,01:03
12,333,30/04/2019,02:27
12,333,02/05/2019,02:23
12,333,03/05/2019,02:23
12,333,06/05/2019,01:41
12,333,07/05/2019,01:27
12,333,08/05/2019,01:45
12,333,09/05/2019,01:27
12,333,10/05/2019,01:27
12,333,13/05/2019,00:56
12,333,14/05/2019,01:31
12,333,15/05/2019,02:27
12,333,16/05/2019,02:20
12,333,17/05/2019,02:13
12,333,20/05/2019,02:06
12,333,21/05/2019,01:27
12,333,22/05/2019,00:56
12,298,23/05/2019,00:49
12,298,24/05/2019,00:52
12,333,27/05/2019,01:03
12,315,28/05/2019,00:49
12,315,29/05/2019,00:52
12,315,30/05/2019,02:16
12,333,31/05/2019,02:23
12,315,04/06/2019,00:56
12,315,05/06/2019,01:41
12,298,06/06/2019,00:56
12,280,07/06/2019,00:24
12,280,10/06/2019,00:24
12,333,11/06/2019,01:27
12,333,12/06/2019,00:56
12,333,13/06/2019,01:31
12,333,14/06/2019,02:27
12,333,17/06/2019,02:20
12,333,18/06/2019,02:13
12,333,19/06/2019,02:06
12,333,20/06/2019,01:27
12,333,21/06/2019,00:56
12,333,25/06/2019,01:03
12,315,26/06/2019,00:49
12,298,27/06/2019,00:52
12,333,28/06/2019,02:20
12,315,02/07/2019,00:56
12,315,03/07/2019,01:41
12,298,04/07/2019,00:56
12,298,05/07/2019,00:24
12,280,08/07/2019,01:06
12,333,09/07/2019,01:27
12,333,10/07/2019,00:56
12,333,11/07/2019,01:31
12,333,12/07/2019,02:27
12,333,15/07/2019,02:20
12,333,16/07/2019,02:20
12,333,17/07/2019,02:13
12,333,18/07/2019,02:06
12,333,19/07/2019,01:27
12,333,22/07/2019,01:17
12,315,23/07/2019,00:49
12,298,24/07/2019,00:52
12,333,25/07/2019,01:06
12,315,26/07/2019,00:49
12,298,29/07/2019,00:52
12,280,30/07/2019,02:13
12,333,31/07/2019,02:16
12,315,01/08/2019,01:31
12,280,02/08/2019,01:41
12,298,05/08/2019,00:56
12,333,06/08/2019,01:41
12,333,08/08/2019,01:27
12,333,09/08/2019,01:45
12,333,12/08/2019,01:27
12,333,13/08/2019,01:27
12,333,14/08/2019,01:31
12,333,15/08/2019,02:16
12,333,16/08/2019,02:09
12,333,20/08/2019,01:45
12,333,21/08/2019,01:10
12,333,22/08/2019,01:38
12,333,23/08/2019,01:31
12,333,26/08/2019,01:27
12,333,27/08/2019,00:56
12,333,28/08/2019,01:03
12,333,29/08/2019,01:27
12,333,30/08/2019,02:37
12,333,02/09/2019,02:16
12,333,03/09/2019,02:09
12,333,04/09/2019,01:31
12,333,05/09/2019,01:20
12,333,06/09/2019,01:17
12,333,09/09/2019,01:45
12,333,10/09/2019,01:27
12,333,11/09/2019,01:27
12,333,12/09/2019,01:31
12,333,13/09/2019,02:37
12,333,16/09/2019,02:06
12,333,17/09/2019,02:09
12,333,18/09/2019,01:45
12,333,19/09/2019,01:34
12,333,20/09/2019,01:17
12,333,23/09/2019,00:59
12,333,24/09/2019,01:10
12,333,25/09/2019,01:20
12,333,26/09/2019,00:38
12,333,27/09/2019,01:13
12,333,30/09/2019,02:16
12,333,01/10/2019,02:16
12,333,02/10/2019,02:09
12,333,03/10/2019,01:31
12,333,04/10/2019,01:20
12,333,07/10/2019,01:17
12,333,08/10/2019,01:45
12,333,09/10/2019,01:27
12,333,10/10/2019,01:27
12,333,11/10/2019,01:31
12,333,15/10/2019,02:20
12,333,16/10/2019,01:06
12,333,17/10/2019,01:17
12,333,18/10/2019,01:41
12,333,21/10/2019,01:17
12,333,22/10/2019,00:59
12,315,23/10/2019,00:49
12,298,24/10/2019,00:52
12,333,25/10/2019,01:20
12,315,28/10/2019,00:31
12,298,29/10/2019,00:52
12,280,30/10/2019,02:16
12,333,31/10/2019,02:23
12,315,01/11/2019,02:23
12,315,05/11/2019,00:59
12,298,06/11/2019,01:06
12,280,07/11/2019,01:06
12,333,08/11/2019,01:45
12,333,12/11/2019,01:27
12,333,13/11/2019,01:27
12,333,14/11/2019,01:31
12,333,15/11/2019,02:20
